Location Name,Province/Territory,Location Mapped Centre
100 Mile House,British Columbia,Engage Sport North
Abbotsford,British Columbia,PacificSport - Fraser Valley
Aberdeen,British Columbia,PacificSport - Fraser Valley
Agassiz,British Columbia,PacificSport - Fraser Valley
Albion,British Columbia,PacificSport - Fraser Valley
Alder Creek,British Columbia,CSI Pacific - Vancouver
Aldergrove,British Columbia,PacificSport - Fraser Valley
Alpine Meadows,British Columbia,CSI Pacific - Whistler
Alta Lake,British Columbia,CSI Pacific - Whistler
Altamont,British Columbia,CSI Pacific - Vancouver
Alvin,British Columbia,CSI Pacific - Vancouver
Ambleside,British Columbia,CSI Pacific - Vancouver
Anmore,British Columbia,CSI Pacific - Vancouver
Annacis,British Columbia,CSI Pacific - Vancouver
Anniedale,British Columbia,PacificSport - Fraser Valley
Anvil Island,British Columbia,CSI Pacific - Vancouver
Arbutus Ridge,British Columbia,PacificSport - Vancouver Island
Armstrong,British Columbia,PacificSport - Okanagan
Arnold,British Columbia,PacificSport - Fraser Valley
Atchelitz,British Columbia,PacificSport - Fraser Valley
Austin Heights,British Columbia,CSI Pacific - Vancouver
Barnet,British Columbia,CSI Pacific - Vancouver
Barnston Island,British Columbia,PacificSport - Fraser Valley
Barriere,British Columbia,PacificSport - Interior
Barrowtown,British Columbia,PacificSport - Fraser Valley
Beach Grove,British Columbia,CSI Pacific - Vancouver
Belcarra,British Columbia,CSI Pacific - Vancouver
Belvedere,British Columbia,CSI Pacific - Vancouver
Bergs,British Columbia,CSI Pacific - Vancouver
Billings Bay,British Columbia,PacificSport - Vancouver Island
Birchland Manor,British Columbia,PacificSport - Fraser Valley
Blackcomb,British Columbia,CSI Pacific - Whistler
Bliss Landing,British Columbia,PacificSport - Vancouver Island
Blueridge,British Columbia,CSI Pacific - Vancouver
Boundary Bay,British Columbia,PacificSport - Fraser Valley
Boundary Road,British Columbia,CSI Pacific - Vancouver
Bowen Bay,British Columbia,CSI Pacific - Vancouver
Bowen Island,British Columbia,CSI Pacific - Vancouver
Bowser,British Columbia,PacificSport - Vancouver Island
Brackendale,British Columbia,CSI Pacific - Whistler
Bradner,British Columbia,PacificSport - Fraser Valley
Brandywine,British Columbia,CSI Pacific - Whistler
Brentwood Bay,British Columbia,CSI Pacific - Victoria
Brentwood Park,British Columbia,CSI Pacific - Vancouver
Brew Bay,British Columbia,PacificSport - Vancouver Island
Bridge Lake,British Columbia,Engage Sport North
Bridgeport,British Columbia,CSI Pacific - Vancouver
Bridgeview,British Columbia,CSI Pacific - Vancouver
Brighouse,British Columbia,CSI Pacific - Vancouver
Brighton Beach,British Columbia,CSI Pacific - Vancouver
Britannia Beach,British Columbia,CSI Pacific - Vancouver
British Properties,British Columbia,CSI Pacific - Vancouver
Broadmoor,British Columbia,CSI Pacific - Vancouver
Brookswood,British Columbia,PacificSport - Fraser Valley
Brownsville,British Columbia,CSI Pacific - Vancouver
Brunette Creek,British Columbia,CSI Pacific - Vancouver
Brunswick Beach,British Columbia,CSI Pacific - Vancouver
Buccaneer Bay,British Columbia,PacificSport - Vancouver Island
Buckingham Heights,British Columbia,CSI Pacific - Vancouver
Buntzen Bay,British Columbia,CSI Pacific - Vancouver
Burke Road,British Columbia,PacificSport - Fraser Valley
Burkeville,British Columbia,CSI Pacific - Vancouver
Burnaby,British Columbia,CSI Pacific - Vancouver
Burnaby Heights,British Columbia,CSI Pacific - Vancouver
Burns Lake,British Columbia,Engage Sport North
Burquitlam,British Columbia,CSI Pacific - Vancouver
Camp Artaban,British Columbia,CSI Pacific - Vancouver
Campbell River,British Columbia,PacificSport - Vancouver Island
Canyon Heights,British Columbia,CSI Pacific - Vancouver
Capilano Highlands,British Columbia,CSI Pacific - Vancouver
Capitol Hill,British Columbia,CSI Pacific - Vancouver
Cariboo,British Columbia,CSI Pacific - Vancouver
Carraholly,British Columbia,CSI Pacific - Vancouver
Cascade,British Columbia,CSI Pacific - Vancouver
Cascade Heights,British Columbia,CSI Pacific - Vancouver
Cassin,British Columbia,CSI Pacific - Vancouver
Caulfeild,British Columbia,CSI Pacific - Vancouver
Cedardale,British Columbia,CSI Pacific - Vancouver
Central Saanich,British Columbia,CSI Pacific - Victoria
CFB Chilliwack,British Columbia,PacificSport - Fraser Valley
Chase,British Columbia,PacificSport - Interior
Cheakamus,British Columbia,CSI Pacific - Whistler
Cheekye,British Columbia,CSI Pacific - Whistler
Chilliwack,British Columbia,PacificSport - Fraser Valley
Chineside,British Columbia,CSI Pacific - Vancouver
City of West Kelowna,British Columbia,PacificSport - Okanagan
Clayburn,British Columbia,PacificSport - Fraser Valley
Clearbrook,British Columbia,PacificSport - Fraser Valley
Cleveland Park,British Columbia,CSI Pacific - Vancouver
Cloverdale,British Columbia,PacificSport - Fraser Valley
Cobble Hill,British Columbia,PacificSport - Vancouver Island
Coldwell Beach,British Columbia,CSI Pacific - Vancouver
Colebrook,British Columbia,PacificSport - Fraser Valley
Comox,British Columbia,PacificSport - Vancouver Island
Connaught Heights,British Columbia,CSI Pacific - Vancouver
Coombe,British Columbia,CSI Pacific - Vancouver
Coombs,British Columbia,PacificSport - Vancouver Island
Coquitlam,British Columbia,CSI Pacific - Vancouver
Cosy Cove,British Columbia,CSI Pacific - Vancouver
Courtenay,British Columbia,PacificSport - Vancouver Island
Cove Cliff,British Columbia,CSI Pacific - Vancouver
Cowans Point,British Columbia,CSI Pacific - Vancouver
Cowichan Bay,British Columbia,PacificSport - Vancouver Island
Cranberry,British Columbia,PacificSport - Vancouver Island
Cranbrook,British Columbia,PacificSport - Columbia Basin
Crescent,British Columbia,PacificSport - Fraser Valley
Crescent Beach,British Columbia,PacificSport - Fraser Valley
Creston,British Columbia,PacificSport - Columbia Basin
Crofton,British Columbia,PacificSport - Vancouver Island
Cultus Lake,British Columbia,PacificSport - Fraser Valley
Cumberland,British Columbia,PacificSport - Vancouver Island
Cypress Park,British Columbia,CSI Pacific - Vancouver
Darrell Bay,British Columbia,CSI Pacific - Whistler
Dartmoor,British Columbia,CSI Pacific - Vancouver
Davis Bay,British Columbia,CSI Pacific - Vancouver
Dawson Creek,British Columbia,Engage Sport North
Deep Cove,British Columbia,CSI Pacific - Vancouver
Delbrook,British Columbia,CSI Pacific - Vancouver
Delta,British Columbia,CSI Pacific - Vancouver
Dentville,British Columbia,CSI Pacific - Whistler
Deroche,British Columbia,PacificSport - Fraser Valley
Dewdney,British Columbia,PacificSport - Fraser Valley
Dollarton,British Columbia,CSI Pacific - Vancouver
Donnely Landing,British Columbia,PacificSport - Vancouver Island
Doriston,British Columbia,CSI Pacific - Whistler
Douglas,British Columbia,PacificSport - Fraser Valley
Dunbar-Southlands,British Columbia,CSI Pacific - Vancouver
Duncan,British Columbia,PacificSport - Vancouver Island
Dundarave,British Columbia,CSI Pacific - Vancouver
Durieu,British Columbia,PacificSport - Fraser Valley
Eagle Harbour,British Columbia,CSI Pacific - Vancouver
Eagle Ridge,British Columbia,CSI Pacific - Vancouver
Eagle Run,British Columbia,CSI Pacific - Whistler
Earls Cove,British Columbia,PacificSport - Vancouver Island
East Sooke,British Columbia,CSI Pacific - Victoria
Eastbourne,British Columbia,CSI Pacific - Vancouver
Eastburn,British Columbia,CSI Pacific - Vancouver
Egmont,British Columbia,CSI Pacific - Whistler
Ekins Point,British Columbia,CSI Pacific - Vancouver
Elgin,British Columbia,PacificSport - Fraser Valley
Elphinstone,British Columbia,CSI Pacific - Vancouver
Esquimalt,British Columbia,CSI Pacific - Victoria
Essondale,British Columbia,PacificSport - Fraser Valley
Fairfield,British Columbia,PacificSport - Fraser Valley
Fairmont Hot Springs,British Columbia,PacificSport - Columbia Basin
Fairview,British Columbia,CSI Pacific - Vancouver
Fanny Bay,British Columbia,PacificSport - Vancouver Island
Fern Ridge,British Columbia,PacificSport - Fraser Valley
Fernie,British Columbia,PacificSport - Columbia Basin
Fernlee,British Columbia,CSI Pacific - Vancouver
Fleetwood,British Columbia,PacificSport - Fraser Valley
Forest Hills,British Columbia,CSI Pacific - Vancouver
Forest Knolls,British Columbia,PacificSport - Fraser Valley
Fort Langley,British Columbia,PacificSport - Fraser Valley
Fort Nelson,British Columbia,Engage Sport North
Fort St. James,British Columbia,Engage Sport North
Fort St. John,British Columbia,Engage Sport North
Frames,British Columbia,CSI Pacific - Vancouver
Fraser Heights,British Columbia,PacificSport - Fraser Valley
Fraser Mills,British Columbia,CSI Pacific - Vancouver
Fraser River Junction,British Columbia,CSI Pacific - Vancouver
Fruitvale,British Columbia,PacificSport - Columbia Basin
Furry Creek,British Columbia,CSI Pacific - Whistler
Gabriola,British Columbia,PacificSport - Vancouver Island
Gambier Harbour,British Columbia,CSI Pacific - Vancouver
Garden Bay,British Columbia,PacificSport - Vancouver Island
Garden Village,British Columbia,CSI Pacific - Vancouver
Garibaldi,British Columbia,CSI Pacific - Whistler
Garibaldi Estates,British Columbia,CSI Pacific - Whistler
Garibaldi Highlands,British Columbia,CSI Pacific - Whistler
Gibsons,British Columbia,CSI Pacific - Vancouver
Gifford,British Columbia,PacificSport - Fraser Valley
Glen Valley,British Columbia,PacificSport - Fraser Valley
Glenbrooke North,British Columbia,CSI Pacific - Vancouver
Gleneagles,British Columbia,CSI Pacific - Vancouver
Glenmore,British Columbia,CSI Pacific - Vancouver
Golden,British Columbia,PacificSport - Interior
Grandview,British Columbia,PacificSport - Fraser Valley
Grandview-Woodlands,British Columbia,CSI Pacific - Vancouver
Granite Falls,British Columbia,CSI Pacific - Vancouver
Granthams Landing,British Columbia,CSI Pacific - Vancouver
Greendale,British Columbia,PacificSport - Fraser Valley
Guildford,British Columbia,PacificSport - Fraser Valley
Gyproc,British Columbia,CSI Pacific - Vancouver
Halfmoon Bay,British Columbia,CSI Pacific - Vancouver
Haney,British Columbia,PacificSport - Fraser Valley
Harbour Chines,British Columbia,CSI Pacific - Vancouver
Harbour Village,British Columbia,CSI Pacific - Vancouver
Harrison Hot Springs,British Columbia,PacificSport - Fraser Valley
Harrison Mills,British Columbia,PacificSport - Fraser Valley
Hastings-Sunrise,British Columbia,CSI Pacific - Vancouver
Hatzic,British Columbia,PacificSport - Fraser Valley
Hazelmere,British Columbia,PacificSport - Fraser Valley
Hazelton,British Columbia,Engage Sport North
Hemlock Valley,British Columbia,PacificSport - Fraser Valley
Heriot Bay,British Columbia,PacificSport - Vancouver Island
Hollyburn,British Columbia,CSI Pacific - Vancouver
Hopington,British Columbia,PacificSport - Fraser Valley
Hopkins Landing,British Columbia,CSI Pacific - Vancouver
Horseshoe Bay,British Columbia,CSI Pacific - Vancouver
Hospital Hill,British Columbia,CSI Pacific - Whistler
Houston,British Columbia,Engage Sport North
Huntingdon,British Columbia,PacificSport - Fraser Valley
Hydro,British Columbia,PacificSport - Fraser Valley
Invermere,British Columbia,PacificSport - Columbia Basin
Ioco,British Columbia,CSI Pacific - Vancouver
Iron Bay,British Columbia,CSI Pacific - Vancouver
Irvines Landing,British Columbia,PacificSport - Vancouver Island
Johnson,British Columbia,CSI Pacific - Vancouver
Johnson Heights,British Columbia,PacificSport - Fraser Valley
Kamloops,British Columbia,PacificSport - Interior
Keats Island,British Columbia,CSI Pacific - Vancouver
Keith-Lynn,British Columbia,CSI Pacific - Vancouver
Kelowna,British Columbia,PacificSport - Okanagan
Kelvin,British Columbia,CSI Pacific - Vancouver
Kennedy,British Columbia,PacificSport - Fraser Valley
Kensington-Cedar Cottage,British Columbia,CSI Pacific - Vancouver
Kent,British Columbia,PacificSport - Fraser Valley
Kerrisdale,British Columbia,CSI Pacific - Vancouver
Kilgard,British Columbia,PacificSport - Fraser Valley
Killarney,British Columbia,CSI Pacific - Vancouver
Kimberley,British Columbia,PacificSport - Columbia Basin
Kiskatinaw,British Columbia,Engage Sport North
Kispiox,British Columbia,Engage Sport North
Kissick,British Columbia,PacificSport - Interior
Kitamaat Village,British Columbia,Engage Sport North
Kitchener,British Columbia,PacificSport - Columbia Basin
Kitimat,British Columbia,Engage Sport North
Kitkatla,British Columbia,Engage Sport North
Kitsault,British Columbia,Engage Sport North
Kitseguecla,British Columbia,Engage Sport North
Kitselas,British Columbia,Engage Sport North
Kitsilano,British Columbia,CSI Pacific - Vancouver
Kitsumkalum,British Columbia,Engage Sport North
Kitwanga,British Columbia,Engage Sport North
Kiusta,British Columbia,Engage Sport North
Kleecoot,British Columbia,PacificSport - Vancouver Island
Kleena Kleene,British Columbia,CSI Pacific - Whistler
Kleindale,British Columbia,PacificSport - Vancouver Island
Klemtu,British Columbia,Engage Sport North
Kliikliihuwis,British Columbia,PacificSport - Vancouver Island
Klit-kle-mah-ah,British Columbia,PacificSport - Vancouver Island
Klua,British Columbia,Engage Sport North
Knockholt,British Columbia,Engage Sport North
Knutsford,British Columbia,PacificSport - Interior
Kobes,British Columbia,Engage Sport North
Kokish,British Columbia,PacificSport - Vancouver Island
Koksilah,British Columbia,CSI Pacific - Victoria
Komo,British Columbia,CSI Pacific - Whistler
Kookswees,British Columbia,PacificSport - Vancouver Island
Kootenay Bay,British Columbia,PacificSport - Columbia Basin
Kootenay Crossing,British Columbia,PacificSport - Columbia Basin
Kootenay Landing,British Columbia,PacificSport - Columbia Basin
Koster,British Columbia,PacificSport - Interior
Kragmont,British Columbia,PacificSport - Columbia Basin
Krestova,British Columbia,PacificSport - Columbia Basin
Kuldo,British Columbia,Engage Sport North
Kung,British Columbia,Engage Sport North
Kuskonook,British Columbia,PacificSport - Columbia Basin
Kwinaquth,British Columbia,PacificSport - Vancouver Island
Kwinitsa,British Columbia,Engage Sport North
Kwisitis,British Columbia,PacificSport - Vancouver Island
Kyuquot,British Columbia,PacificSport - Vancouver Island
Lac la Hache,British Columbia,PacificSport - Interior
Lac Le Jeune,British Columbia,PacificSport - Interior
Ladner,British Columbia,CSI Pacific - Vancouver
Ladysmith,British Columbia,PacificSport - Vancouver Island
Lafferty,British Columbia,PacificSport - Columbia Basin
Laidlaw,British Columbia,PacificSport - Fraser Valley
Lake Buntzen,British Columbia,CSI Pacific - Vancouver
Lake Country,British Columbia,PacificSport - Okanagan
Lake Cowichan,British Columbia,CSI Pacific - Victoria
Lake Errock,British Columbia,PacificSport - Fraser Valley
Lake Hill,British Columbia,CSI Pacific - Victoria
Lake Kathlyn,British Columbia,Engage Sport North
Lakelse,British Columbia,Engage Sport North
Lakelse Lake,British Columbia,Engage Sport North
Laketon,British Columbia,Engage Sport North
Lakeview Heights,British Columbia,PacificSport - Okanagan
Lamming Mills,British Columbia,Engage Sport North
Lang Bay,British Columbia,PacificSport - Vancouver Island
Langdale,British Columbia,CSI Pacific - Vancouver
Langford,British Columbia,CSI Pacific - Victoria
Langley,British Columbia,PacificSport - Fraser Valley
Lantzville,British Columbia,PacificSport - Vancouver Island
Lardeau,British Columbia,PacificSport - Columbia Basin
Larkin,British Columbia,PacificSport - Okanagan
Larsons Landing,British Columbia,PacificSport - Vancouver Island
Lasha,British Columbia,PacificSport - Interior
Lasqueti,British Columbia,PacificSport - Vancouver Island
Laurentian Belaire,British Columbia,CSI Pacific - Vancouver
Lavington,British Columbia,PacificSport - Okanagan
Lawnhill,British Columbia,Engage Sport North
Lax Kw'alaams,British Columbia,Engage Sport North
Laxgalts'ap,British Columbia,Engage Sport North
Lazo,British Columbia,PacificSport - Vancouver Island
Leanchoil,British Columbia,PacificSport - Columbia Basin
Lebahdo,British Columbia,PacificSport - Columbia Basin
Lee Creek,British Columbia,PacificSport - Interior
Leechtown,British Columbia,CSI Pacific - Victoria
Lees Corner,British Columbia,CSI Pacific - Whistler
Legrand,British Columbia,Engage Sport North
Lejac,British Columbia,Engage Sport North
Lemon Creek,British Columbia,PacificSport - Columbia Basin
Lemoray,British Columbia,Engage Sport North
Lempriere,British Columbia,PacificSport - Interior
Leo Creek,British Columbia,Engage Sport North
Lexau Ranch,British Columbia,Engage Sport North
Liard River,British Columbia,Engage Sport North
Liersch,British Columbia,Engage Sport North
Lighthouse Point,British Columbia,CSI Pacific - Vancouver
Likely,British Columbia,Engage Sport North
Lillooet,British Columbia,CSI Pacific - Whistler
Lily Lake,British Columbia,Engage Sport North
Lime,British Columbia,PacificSport - Interior
Lincoln Park,British Columbia,PacificSport - Fraser Valley
Lindell,British Columbia,PacificSport - Fraser Valley
Lindell Beach,British Columbia,PacificSport - Fraser Valley
Lindeman,British Columbia,Engage Sport North
Line Creek,British Columbia,PacificSport - Columbia Basin
Lions Bay,British Columbia,CSI Pacific - Whistler
Lister,British Columbia,PacificSport - Columbia Basin
Little Fort,British Columbia,PacificSport - Interior
Little River,British Columbia,PacificSport - Vancouver Island
Livingstone,British Columbia,PacificSport - Fraser Valley
Lockeport,British Columbia,Engage Sport North
Log Cabin,British Columbia,Engage Sport North
Logan Lake,British Columbia,PacificSport - Interior
Lone Butte,British Columbia,PacificSport - Interior
Lone Prairie,British Columbia,Engage Sport North
Long Harbour,British Columbia,CSI Pacific - Victoria
Longbeach,British Columbia,PacificSport - Columbia Basin
Longworth,British Columbia,Engage Sport North
Loon Lake,British Columbia,PacificSport - Interior
Loos,British Columbia,Engage Sport North
Louis Creek,British Columbia,PacificSport - Interior
Lower China Creek,British Columbia,PacificSport - Columbia Basin
Lower Lonsdale,British Columbia,CSI Pacific - Vancouver
Lower Nicola,British Columbia,PacificSport - Interior
Lower Post,British Columbia,Engage Sport North
Lubin,British Columbia,Engage Sport North
Lucas,British Columbia,Engage Sport North
Lucerne,British Columbia,PacificSport - Interior
Lumberton,British Columbia,PacificSport - Columbia Basin
Lumby,British Columbia,PacificSport - Okanagan
Lumby Junction,British Columbia,PacificSport - Okanagan
Lund,British Columbia,PacificSport - Vancouver Island
Lust Subdivision,British Columbia,Engage Sport North
Luxor,British Columbia,PacificSport - Columbia Basin
Luxton,British Columbia,CSI Pacific - Victoria
Lynn Valley,British Columbia,CSI Pacific - Vancouver
Lynnmour,British Columbia,CSI Pacific - Vancouver
Lynx Creek,British Columbia,Engage Sport North
Lytton,British Columbia,CSI Pacific - Whistler
Maalth-sit,British Columbia,PacificSport - Vancouver Island
Mabel Lake,British Columbia,PacificSport - Okanagan
Macalister,British Columbia,Engage Sport North
Macdonald,British Columbia,PacificSport - Columbia Basin
Mackenzie,British Columbia,Engage Sport North
Mackin,British Columbia,Engage Sport North
MacNeill,British Columbia,CSI Pacific - Whistler
Macoah,British Columbia,PacificSport - Vancouver Island
Madeira Park,British Columbia,PacificSport - Vancouver Island
Magna Bay,British Columbia,PacificSport - Interior
Magnum Mine,British Columbia,Engage Sport North
Mah:kiit,British Columbia,PacificSport - Vancouver Island
Mahatta River,British Columbia,PacificSport - Vancouver Island
Mahood Falls,British Columbia,PacificSport - Interior
Mahope,British Columbia,PacificSport - Vancouver Island
Maht'ii'as,British Columbia,PacificSport - Vancouver Island
Maillardville,British Columbia,CSI Pacific - Vancouver
Makinson,British Columbia,PacificSport - Columbia Basin
Malahat,British Columbia,PacificSport - Vancouver Island
Malakwa,British Columbia,PacificSport - Interior
Malibu,British Columbia,CSI Pacific - Whistler
Manning,British Columbia,PacificSport - Okanagan
Manning Park,British Columbia,PacificSport - Okanagan
Manson Creek,British Columbia,Engage Sport North
Mansons Landing,British Columbia,PacificSport - Vancouver Island
Mapes,British Columbia,Engage Sport North
Maple Bay,British Columbia,PacificSport - Vancouver Island
Maple Ridge,British Columbia,PacificSport - Fraser Valley
Maplewood,British Columbia,CSI Pacific - Vancouver
Maq:cup,British Columbia,PacificSport - Vancouver Island
Mara,British Columbia,PacificSport - Interior
Marblehead,British Columbia,PacificSport - Columbia Basin
Margaret Bay,British Columbia,PacificSport - Vancouver Island
Marguerite,British Columbia,Engage Sport North
Marigold,British Columbia,CSI Pacific - Victoria
Marilla,British Columbia,Engage Sport North
Marktosis,British Columbia,PacificSport - Vancouver Island
Marne,British Columbia,CSI Pacific - Whistler
Marpole,British Columbia,CSI Pacific - Vancouver
Marron Valley,British Columbia,PacificSport - Okanagan
Marshall School Junction,British Columbia,PacificSport - Vancouver Island
Martel,British Columbia,PacificSport - Interior
Marten Lake,British Columbia,Engage Sport North
Martin Prairie,British Columbia,PacificSport - Interior
Martinson,British Columbia,CSI Pacific - Whistler
Mary Hill,British Columbia,PacificSport - Fraser Valley
Marysville,British Columbia,PacificSport - Columbia Basin
Mason Creek,British Columbia,Engage Sport North
Masset,British Columbia,Engage Sport North
Matilpi,British Columbia,PacificSport - Vancouver Island
Matsqui,British Columbia,PacificSport - Fraser Valley
Mayfair,British Columbia,PacificSport - Fraser Valley
Mayne Island,British Columbia,CSI Pacific - Victoria
Mayook,British Columbia,PacificSport - Columbia Basin
McAbee,British Columbia,PacificSport - Interior
McBride,British Columbia,Engage Sport North
McCabe,British Columbia,Engage Sport North
McCall,British Columbia,Engage Sport North
McCalls Landing,British Columbia,CSI Pacific - Whistler
McConnel,British Columbia,PacificSport - Columbia Basin
McCracken,British Columbia,PacificSport - Interior
McCulloch,British Columbia,PacificSport - Okanagan
McDame,British Columbia,Engage Sport North
McDonalds Landing,British Columbia,Engage Sport North
McGillivray,British Columbia,CSI Pacific - Whistler
McGregor,British Columbia,Engage Sport North
McGuire,British Columbia,CSI Pacific - Whistler
McKearney Ranch,British Columbia,Engage Sport North
McKinley Landing,British Columbia,PacificSport - Okanagan
McLean Ranch,British Columbia,Engage Sport North
McLeese Lake,British Columbia,Engage Sport North
McLeod,British Columbia,Engage Sport North
McLeod Lake,British Columbia,Engage Sport North
McLure,British Columbia,PacificSport - Interior
McMurdo,British Columbia,PacificSport - Columbia Basin
McMurphy,British Columbia,PacificSport - Interior
McNab Creek,British Columbia,CSI Pacific - Vancouver
Meachen,British Columbia,PacificSport - Columbia Basin
Meadow Creek,British Columbia,PacificSport - Columbia Basin
Meadowbrook,British Columbia,PacificSport - Fraser Valley
Meadows,British Columbia,PacificSport - Columbia Basin
Meem Quam Leese,British Columbia,PacificSport - Vancouver Island
Meldrum,British Columbia,Engage Sport North
Meldrum Creek,British Columbia,Engage Sport North
Merritt,British Columbia,PacificSport - Interior
Merton,British Columbia,Engage Sport North
Merville,British Columbia,PacificSport - Vancouver Island
Mesachie Lake,British Columbia,CSI Pacific - Victoria
Messiter,British Columbia,PacificSport - Interior
Metchosin,British Columbia,CSI Pacific - Victoria
Metlakatla,British Columbia,Engage Sport North
Metrotown,British Columbia,CSI Pacific - Vancouver
Meziadin Junction,British Columbia,Engage Sport North
Mica Creek,British Columbia,PacificSport - Interior
Middle River,British Columbia,Engage Sport North
Middlegate,British Columbia,CSI Pacific - Vancouver
Midway,British Columbia,PacificSport - Okanagan
Mile 62 1/2,British Columbia,Engage Sport North
Mill Bay,British Columbia,Engage Sport North
Millers Landing,British Columbia,CSI Pacific - Vancouver
Millstream,British Columbia,CSI Pacific - Victoria
Milner,British Columbia,PacificSport - Fraser Valley
Milnes Landing,British Columbia,CSI Pacific - Victoria
Minaty Bay,British Columbia,CSI Pacific - Vancouver
Minstrel Island,British Columbia,PacificSport - Vancouver Island
Minto Landing,British Columbia,PacificSport - Fraser Valley
Miocene,British Columbia,Engage Sport North
Miracle Valley,British Columbia,PacificSport - Fraser Valley
Mirror Lake,British Columbia,PacificSport - Columbia Basin
Mission,British Columbia,PacificSport - Fraser Valley
Mitchell Bay,British Columbia,PacificSport - Vancouver Island
Miworth,British Columbia,Engage Sport North
Moberly,British Columbia,PacificSport - Columbia Basin
Moberly Lake,British Columbia,Engage Sport North
Moffat,British Columbia,Engage Sport North
Moha,British Columbia,CSI Pacific - Whistler
Monias,British Columbia,Engage Sport North
Mons,British Columbia,CSI Pacific - Whistler
Montague Harbour,British Columbia,CSI Pacific - Victoria
Monte Creek,British Columbia,PacificSport - Interior
Monte Lake,British Columbia,PacificSport - Interior
Montney,British Columbia,Engage Sport North
Montrose,British Columbia,PacificSport - Columbia Basin
Moose Heights,British Columbia,Engage Sport North
Mooyah Bay,British Columbia,PacificSport - Vancouver Island
Moran,British Columbia,PacificSport - Interior
Moresby Camp,British Columbia,Engage Sport North
Morey,British Columbia,Engage Sport North
Moricetown,British Columbia,Engage Sport North
Morrissey,British Columbia,PacificSport - Columbia Basin
Mount Baldy,British Columbia,PacificSport - Okanagan
Mount Currie,British Columbia,CSI Pacific - Whistler
Mount Gardner,British Columbia,CSI Pacific - Vancouver
Mount Lehman,British Columbia,PacificSport - Fraser Valley
Mount Pleasant,British Columbia,CSI Pacific - Vancouver
Mount Robson,British Columbia,Engage Sport North
Mount Washington,British Columbia,PacificSport - Vancouver Island
Mountain Station,British Columbia,PacificSport - Columbia Basin
Moyie,British Columbia,PacificSport - Columbia Basin
Mud Bay,British Columbia,PacificSport - Vancouver Island
Mud River,British Columbia,Engage Sport North
Muncho Lake,British Columbia,Engage Sport North
Munro,British Columbia,PacificSport - Interior
Munroe,British Columbia,PacificSport - Interior
Murdale,British Columbia,Engage Sport North
Murrayville,British Columbia,PacificSport - Fraser Valley
Musgrave Landing,British Columbia,CSI Pacific - Victoria
Muskwa,British Columbia,Engage Sport North
Myra,British Columbia,PacificSport - Okanagan
Myrtle Point,British Columbia,PacificSport - Vancouver Island
Nahmint,British Columbia,PacificSport - Vancouver Island
Nahun,British Columbia,PacificSport - Okanagan
Nakusp,British Columbia,PacificSport - Columbia Basin
Nalos Landing,British Columbia,PacificSport - Vancouver Island
Namu,British Columbia,PacificSport - Vancouver Island
Nanaimo,British Columbia,PacificSport - Vancouver Island
Nanoose Bay,British Columbia,PacificSport - Vancouver Island
Naramata,British Columbia,PacificSport - Okanagan
Narcosli Creek,British Columbia,Engage Sport North
Nass Camp,British Columbia,Engage Sport North
Natal,British Columbia,PacificSport - Columbia Basin
Nazko,British Columbia,Engage Sport North
Nechako,British Columbia,Engage Sport North
Needles,British Columbia,PacificSport - Columbia Basin
Needley,British Columbia,Engage Sport North
Nelson,British Columbia,PacificSport - Columbia Basin
Nelson Forks,British Columbia,Engage Sport North
Nelway,British Columbia,PacificSport - Columbia Basin
Nemaiah Valley,British Columbia,CSI Pacific - Whistler
Nesters,British Columbia,CSI Pacific - Whistler
New Aiyansh,British Columbia,Engage Sport North
New Brighton,British Columbia,CSI Pacific - Vancouver
New Clew,British Columbia,Engage Sport North
New Denver,British Columbia,PacificSport - Columbia Basin
New Hazelton,British Columbia,Engage Sport North
New Settlement,British Columbia,PacificSport - Columbia Basin
New Westminster,British Columbia,CSI Pacific - Vancouver
Newcastle,British Columbia,CSI Pacific - Vancouver
Newgate,British Columbia,PacificSport - Columbia Basin
Newlands,British Columbia,Engage Sport North
Newton,British Columbia,PacificSport - Fraser Valley
Niagara,British Columbia,PacificSport - Columbia Basin
Nichol,British Columbia,Engage Sport North
Nichols,British Columbia,Engage Sport North
Nicholson,British Columbia,PacificSport - Columbia Basin
Nicola,British Columbia,PacificSport - Interior
Nicomen,British Columbia,PacificSport - Fraser Valley
Nig,British Columbia,Engage Sport North
Nimpkish,British Columbia,PacificSport - Vancouver Island
Nimpkish Heights,British Columbia,PacificSport - Vancouver Island
Nimpo Lake,British Columbia,Engage Sport North
Ninstints,British Columbia,PacificSport - Vancouver Island
Niteal,British Columbia,Engage Sport North
Nootka,British Columbia,PacificSport - Vancouver Island
Noralee,British Columbia,Engage Sport North
Norgate,British Columbia,CSI Pacific - Vancouver
Norlake,British Columbia,Engage Sport North
North Bend,British Columbia,CSI Pacific - Whistler
North Bonaparte,British Columbia,PacificSport - Interior
North Bulkley,British Columbia,Engage Sport North
North Campbell River,British Columbia,PacificSport - Vancouver Island
North Cowichan,British Columbia,PacificSport - Vancouver Island
North Delta,British Columbia,CSI Pacific - Vancouver
North Galiano,British Columbia,CSI Pacific - Victoria
North Kamloops,British Columbia,PacificSport - Interior
North Lonsdale,British Columbia,CSI Pacific - Vancouver
North Nechako,British Columbia,Engage Sport North
North Pine,British Columbia,Engage Sport North
North Poplar,British Columbia,PacificSport - Fraser Valley
North Saanich,British Columbia,CSI Pacific - Victoria
North Star,British Columbia,PacificSport - Columbia Basin
North Vancouver,British Columbia,CSI Pacific - Vancouver
North Woodlands,British Columbia,CSI Pacific - Vancouver
Northern Rockies Regional Municipality,British Columbia,Engage Sport North
Northfield,British Columbia,PacificSport - Vancouver Island
Northridge,British Columbia,CSI Pacific - Whistler
Norton,British Columbia,PacificSport - Fraser Valley
Notch Hill,British Columbia,PacificSport - Interior
Nuchaquis,British Columbia,PacificSport - Vancouver Island
Nuchatlitz,British Columbia,PacificSport - Vancouver Island
Nukko Lake,British Columbia,Engage Sport North
Nulki,British Columbia,Engage Sport North
Nursery,British Columbia,PacificSport - Columbia Basin
O'Dell,British Columbia,Engage Sport North
O'Keefe,British Columbia,PacificSport - Okanagan
Oak Bay,British Columbia,CSI Pacific - Victoria
Oak Hills,British Columbia,PacificSport - Interior
Oakridge,British Columbia,CSI Pacific - Vancouver
Oasis,British Columbia,PacificSport - Columbia Basin
Ocean Falls,British Columbia,Engage Sport North
Ocean Grove,British Columbia,PacificSport - Vancouver Island
Ocean Park,British Columbia,PacificSport - Fraser Valley
Ogden,British Columbia,CSI Pacific - Whistler
Okanagan Centre,British Columbia,PacificSport - Okanagan
Okanagan Falls,British Columbia,PacificSport - Okanagan
Okanagan Landing,British Columbia,PacificSport - Okanagan
Okanagan Mission,British Columbia,PacificSport - Okanagan
Olalla,British Columbia,PacificSport - Okanagan
Old Bella Bella,British Columbia,PacificSport - Vancouver Island
Old Fort,British Columbia,Engage Sport North
Old Fort Nelson,British Columbia,Engage Sport North
Old Hogem,British Columbia,Engage Sport North
Old Massett,British Columbia,Engage Sport North
Old Remo,British Columbia,Engage Sport North
Old Town,British Columbia,PacificSport - Columbia Basin
Oliver,British Columbia,PacificSport - Okanagan
Oliver's Landing,British Columbia,CSI Pacific - Vancouver
Olson,British Columbia,PacificSport - Columbia Basin
Onward,British Columbia,PacificSport - Interior
Oona River,British Columbia,Engage Sport North
Ootischenia,British Columbia,PacificSport - Columbia Basin
Ootsa Lake,British Columbia,Engage Sport North
Opitsat,British Columbia,PacificSport - Vancouver Island
Orlomah Beach,British Columbia,CSI Pacific - Vancouver
Osborn,British Columbia,Engage Sport North
Osborn Bay,British Columbia,CSI Pacific - Victoria
Osland,British Columbia,Engage Sport North
Osoyoos,British Columbia,PacificSport - Okanagan
Osprey Lake,British Columbia,PacificSport - Okanagan
Othello,British Columbia,PacificSport - Fraser Valley
Ots'oo-a,British Columbia,PacificSport - Vancouver Island
Otter Bay,British Columbia,CSI Pacific - Victoria
Ottertail,British Columbia,PacificSport - Columbia Basin
Otway,British Columbia,Engage Sport North
Ououkinsh,British Columbia,PacificSport - Vancouver Island
Oweekeno,British Columbia,PacificSport - Vancouver Island
Owen Bay,British Columbia,PacificSport - Vancouver Island
Owl Creek,British Columbia,CSI Pacific - Whistler
Oxford Heights,British Columbia,PacificSport - Fraser Valley
Oyama,British Columbia,PacificSport - Okanagan
Oyster River,British Columbia,PacificSport - Vancouver Island
Pacific,British Columbia,Engage Sport North
Pahkeeahjim,British Columbia,PacificSport - Vancouver Island
Paldi,British Columbia,CSI Pacific - Victoria
Palling,British Columbia,Engage Sport North
Palliser,British Columbia,PacificSport - Columbia Basin
Palmer,British Columbia,CSI Pacific - Victoria
Panorama,British Columbia,PacificSport - Columbia Basin
Panorama Ridge,British Columbia,PacificSport - Fraser Valley
Paradise Point,British Columbia,PacificSport - Interior
Paradise Valley,British Columbia,CSI Pacific - Whistler
Park Royal,British Columbia,CSI Pacific - Vancouver
Park Siding,British Columbia,PacificSport - Columbia Basin
Parkdale Gardens,British Columbia,CSI Pacific - Vancouver
Parkland,British Columbia,Engage Sport North
Parksville,British Columbia,PacificSport - Vancouver Island
Parson,British Columbia,PacificSport - Columbia Basin
Pasley Island,British Columbia,CSI Pacific - Vancouver
Pass Creek,British Columbia,PacificSport - Columbia Basin
Passmore,British Columbia,PacificSport - Columbia Basin
Paterson,British Columbia,PacificSport - Columbia Basin
Paulson,British Columbia,PacificSport - Columbia Basin
Pavey,British Columbia,Engage Sport North
Pavilion,British Columbia,PacificSport - Interior
Peachland,British Columbia,PacificSport - Okanagan
Peejay,British Columbia,Engage Sport North
Pemberton,British Columbia,CSI Pacific - Whistler
Pemberton Heights,British Columbia,CSI Pacific - Vancouver
Pemberton Meadows,British Columbia,CSI Pacific - Whistler
Pender Island,British Columbia,CSI Pacific - Victoria
Pendleton Bay,British Columbia,Engage Sport North
Pennington,British Columbia,Engage Sport North
Penny,British Columbia,Engage Sport North
Penticton,British Columbia,PacificSport - Okanagan
Perow,British Columbia,Engage Sport North
Perrys,British Columbia,PacificSport - Columbia Basin
Peterson,British Columbia,Engage Sport North
Phelan,British Columbia,Engage Sport North
Phillips Arm,British Columbia,PacificSport - Vancouver Island
Phoenix,British Columbia,PacificSport - Columbia Basin
Pinantan Lake,British Columbia,PacificSport - Interior
Pinchi,British Columbia,Engage Sport North
Pinchi Lake,British Columbia,Engage Sport North
Pine Valley,British Columbia,Engage Sport North
Pinegrove,British Columbia,Engage Sport North
Pinesul,British Columbia,Engage Sport North
Pineview,British Columbia,Engage Sport North
Pink Mountain,British Columbia,Engage Sport North
Pioneer Mine,British Columbia,CSI Pacific - Whistler
Pitman,British Columbia,Engage Sport North
Pitquah,British Columbia,PacificSport - Interior
Pitt Meadows,British Columbia,PacificSport - Fraser Valley
Pixie Beach,British Columbia,PacificSport - Okanagan
Playmor Junction,British Columbia,PacificSport - Columbia Basin
Pleasant Camp,British Columbia,Engage Sport North
Pleasantside,British Columbia,CSI Pacific - Vancouver
Plumper Harbour,British Columbia,PacificSport - Vancouver Island
Polley,British Columbia,CSI Pacific - Whistler
Pope Landing,British Columbia,PacificSport - Vancouver Island
Popkum,British Columbia,PacificSport - Fraser Valley
Poplar Creek,British Columbia,PacificSport - Columbia Basin
Poplar Grove,British Columbia,PacificSport - Okanagan
Porcher Island,British Columbia,Engage Sport North
Port Alberni,British Columbia,PacificSport - Vancouver Island
Port Albion,British Columbia,PacificSport - Vancouver Island
Port Alice,British Columbia,PacificSport - Vancouver Island
Port Clements,British Columbia,Engage Sport North
Port Coquitlam,British Columbia,PacificSport - Fraser Valley
Port Desire,British Columbia,PacificSport - Vancouver Island
Port Douglas,British Columbia,CSI Pacific - Whistler
Port Edward,British Columbia,Engage Sport North
Port Essington,British Columbia,Engage Sport North
Port Guichon,British Columbia,CSI Pacific - Vancouver
Port Hammond,British Columbia,PacificSport - Fraser Valley
Port Hardy,British Columbia,PacificSport - Vancouver Island
Port Kells,British Columbia,PacificSport - Fraser Valley
Port Mann,British Columbia,PacificSport - Fraser Valley
Port McNeill,British Columbia,PacificSport - Vancouver Island
Port Mellon,British Columbia,CSI Pacific - Vancouver
Port Moody,British Columbia,CSI Pacific - Vancouver
Port Neville,British Columbia,PacificSport - Vancouver Island
Port Renfrew,British Columbia,CSI Pacific - Victoria
Port Washington,British Columbia,CSI Pacific - Victoria
Porteau,British Columbia,CSI Pacific - Vancouver
Porteous,British Columbia,PacificSport - Columbia Basin
Porter Landing,British Columbia,Engage Sport North
Porto Rico,British Columbia,PacificSport - Columbia Basin
Poser,British Columbia,Engage Sport North
Postill,British Columbia,PacificSport - Okanagan
Potter,British Columbia,PacificSport - Interior
Pouce Coupe,British Columbia,Engage Sport North
Poupore,British Columbia,PacificSport - Columbia Basin
Powell River,British Columbia,PacificSport - Vancouver Island
Powers Addition,British Columbia,PacificSport - Interior
Prairie Valley,British Columbia,PacificSport - Okanagan
Prairiedale,British Columbia,Engage Sport North
Pratt,British Columbia,PacificSport - Fraser Valley
Premier Lake,British Columbia,PacificSport - Columbia Basin
Prespatou,British Columbia,Engage Sport North
Prince George,British Columbia,Engage Sport North
Prince Rupert,British Columbia,Engage Sport North
Princeton,British Columbia,PacificSport - Okanagan
Pritchard,British Columbia,PacificSport - Interior
Procter,British Columbia,PacificSport - Columbia Basin
Progress,British Columbia,Engage Sport North
Promontory,British Columbia,PacificSport - Fraser Valley
Prophet River,British Columbia,Engage Sport North
Prospect Lake,British Columbia,CSI Pacific - Victoria
Punchaw,British Columbia,Engage Sport North
Puntledge,British Columbia,PacificSport - Vancouver Island
Pyramid,British Columbia,PacificSport - Interior
Qualicum Bay,British Columbia,PacificSport - Vancouver Island
Qualicum Beach,British Columbia,PacificSport - Vancouver Island
Quathiaski Cove,British Columbia,PacificSport - Vancouver Island
Quatsino,British Columbia,PacificSport - Vancouver Island
Queen Charlotte,British Columbia,Engage Sport North
Queens Bay,British Columbia,PacificSport - Columbia Basin
Queens Cove,British Columbia,PacificSport - Vancouver Island
Queens Park,British Columbia,CSI Pacific - Vancouver
Queensborough,British Columbia,CSI Pacific - Vancouver
Quesnel,British Columbia,Engage Sport North
Quesnel Forks,British Columbia,Engage Sport North
Quesnel View,British Columbia,Engage Sport North
Quick,British Columbia,Engage Sport North
Quilchena,British Columbia,PacificSport - Interior
Quin-e-ex,British Columbia,PacificSport - Vancouver Island
Quinsam,British Columbia,PacificSport - Vancouver Island
Radium,British Columbia,PacificSport - Columbia Basin
Radium Hot Springs,British Columbia,PacificSport - Columbia Basin
Rainy Hollow,British Columbia,Engage Sport North
Ranch Park,British Columbia,CSI Pacific - Vancouver
Ranchero,British Columbia,PacificSport - Interior
Raspberry,British Columbia,PacificSport - Columbia Basin
Raush Valley,British Columbia,Engage Sport North
Rawlison,British Columbia,PacificSport - Fraser Valley
Rayleigh,British Columbia,PacificSport - Interior
Read Island,British Columbia,PacificSport - Vancouver Island
Reclaim,British Columbia,PacificSport - Fraser Valley
Red Bluff,British Columbia,Engage Sport North
Red Pass,British Columbia,Engage Sport North
Red Rock,British Columbia,Engage Sport North
Red Rose,British Columbia,Engage Sport North
Redgrave,British Columbia,PacificSport - Columbia Basin
Redroofs,British Columbia,CSI Pacific - Vancouver
Redstone,British Columbia,Engage Sport North
Refuge Cove,British Columbia,PacificSport - Vancouver Island
Reid Lake,British Columbia,Engage Sport North
Remac,British Columbia,PacificSport - Columbia Basin
Remo,British Columbia,Engage Sport North
Renata,British Columbia,PacificSport - Columbia Basin
Renfrew-Collingwood,British Columbia,CSI Pacific - Vancouver
Retallack,British Columbia,PacificSport - Columbia Basin
Retaskit,British Columbia,CSI Pacific - Whistler
Revelstoke,British Columbia,PacificSport - Interior
Rhone,British Columbia,PacificSport - Okanagan
Rich Bar,British Columbia,Engage Sport North
Richmond,British Columbia,CSI Pacific - Vancouver
Rider,British Columbia,Engage Sport North
Ridgedale,British Columbia,PacificSport - Fraser Valley
Ridley,British Columbia,Engage Sport North
Riley,British Columbia,PacificSport - Columbia Basin
Riley Park,British Columbia,CSI Pacific - Vancouver
Riondel,British Columbia,PacificSport - Columbia Basin
Riske Creek,British Columbia,CSI Pacific - Whistler
Ritchie,British Columbia,Engage Sport North
River Jordan,British Columbia,CSI Pacific - Victoria
River Springs,British Columbia,PacificSport - Fraser Valley
Rivers Inlet,British Columbia,PacificSport - Vancouver Island
Riverside,British Columbia,PacificSport - Fraser Valley
Rivervale,British Columbia,PacificSport - Columbia Basin
Roberts Creek,British Columbia,CSI Pacific - Vancouver
Robin Creek,British Columbia,Engage Sport North
Robson,British Columbia,PacificSport - Columbia Basin
Robson West,British Columbia,PacificSport - Columbia Basin
Rock Bay,British Columbia,PacificSport - Vancouver Island
Rock Creek,British Columbia,PacificSport - Okanagan
Rockyview,British Columbia,PacificSport - Columbia Basin
Roe Lake,British Columbia,PacificSport - Interior
Rogers,British Columbia,PacificSport - Interior
Rogers Pass,British Columbia,PacificSport - Columbia Basin
Rolla,British Columbia,Engage Sport North
Roosville,British Columbia,PacificSport - Columbia Basin
Rose Harbour,British Columbia,PacificSport - Vancouver Island
Rose Lake,British Columbia,Engage Sport North
Rose Prairie,British Columbia,Engage Sport North
Rosebery,British Columbia,PacificSport - Columbia Basin
Rosedale,British Columbia,PacificSport - Fraser Valley
Ross Peak,British Columbia,PacificSport - Columbia Basin
Ross Spur,British Columbia,PacificSport - Columbia Basin
Rossland,British Columbia,PacificSport - Columbia Basin
Rosswood,British Columbia,Engage Sport North
Round Lake,British Columbia,Engage Sport North
Round Prairie,British Columbia,PacificSport - Columbia Basin
Roy,British Columbia,PacificSport - Vancouver Island
Royal Oak,British Columbia,CSI Pacific - Victoria
Royston,British Columbia,PacificSport - Vancouver Island
Ruby Creek,British Columbia,PacificSport - Fraser Valley
Rumble Beach,British Columbia,PacificSport - Vancouver Island
Rupert,British Columbia,Engage Sport North
Rushmere,British Columbia,PacificSport - Columbia Basin
Ruskin,British Columbia,PacificSport - Fraser Valley
Rutland,British Columbia,PacificSport - Okanagan
Ryan,British Columbia,PacificSport - Columbia Basin
Ryder Lake,British Columbia,PacificSport - Fraser Valley
Rykerts,British Columbia,PacificSport - Columbia Basin
Saanich,British Columbia,CSI Pacific - Victoria
Saanichton,British Columbia,CSI Pacific - Victoria
Sachawil,British Columbia,PacificSport - Vancouver Island
Sachsa,British Columbia,PacificSport - Vancouver Island
Saddle Rock,British Columbia,PacificSport - Fraser Valley
Sahali,British Columbia,PacificSport - Interior
Sahara Heights,British Columbia,PacificSport - Vancouver Island
Sahtlam,British Columbia,CSI Pacific - Victoria
Salmo,British Columbia,PacificSport - Columbia Basin
Salmon Arm,British Columbia,PacificSport - Interior
Salmon Beach,British Columbia,PacificSport - Vancouver Island
Salmon Valley,British Columbia,Engage Sport North
Saloon,British Columbia,Engage Sport North
Saltair,British Columbia,CSI Pacific - Vancouver
Saltery Bay,British Columbia,PacificSport - Vancouver Island
Salvus,British Columbia,Engage Sport North
San Josef,British Columbia,PacificSport - Vancouver Island
Sanca,British Columbia,PacificSport - Columbia Basin
Sandon,British Columbia,PacificSport - Columbia Basin
Sandspit,British Columbia,Engage Sport North
Sandwick,British Columbia,PacificSport - Vancouver Island
Sandy Cove,British Columbia,CSI Pacific - Vancouver
Sapperton,British Columbia,CSI Pacific - Vancouver
Saratoga Beach,British Columbia,PacificSport - Vancouver Island
Sardis,British Columbia,PacificSport - Fraser Valley
Sarita,British Columbia,PacificSport - Vancouver Island
Saseenos,British Columbia,CSI Pacific - Victoria
Saturna,British Columbia,CSI Pacific - Victoria
Savona,British Columbia,PacificSport - Interior
Savory,British Columbia,Engage Sport North
Sayward,British Columbia,PacificSport - Vancouver Island
Scotch Creek,British Columbia,PacificSport - Interior
Scotia Bay,British Columbia,Engage Sport North
Scott Cove,British Columbia,PacificSport - Vancouver Island
Seafair,British Columbia,CSI Pacific - Vancouver
Seaford,British Columbia,PacificSport - Vancouver Island
Seaside Park,British Columbia,CSI Pacific - Vancouver
Sechelt,British Columbia,PacificSport - Vancouver Island
Secret Cove,British Columbia,PacificSport - Vancouver Island
Seddall,British Columbia,PacificSport - Interior
Seeney,British Columbia,PacificSport - Columbia Basin
Selma Park,British Columbia,CSI Pacific - Vancouver
Semlin,British Columbia,PacificSport - Interior
Sentinel Hill,British Columbia,CSI Pacific - Vancouver
Septimus,British Columbia,Engage Sport North
Seton,British Columbia,CSI Pacific - Whistler
Seton Portage,British Columbia,CSI Pacific - Whistler
Seven Mile Corner,British Columbia,Engage Sport North
Sevenoaks,British Columbia,CSI Pacific - Victoria
Sewall,British Columbia,Engage Sport North
Sewell Inlet,British Columbia,Engage Sport North
Seymour Arm,British Columbia,PacificSport - Interior
Seymour Heights,British Columbia,CSI Pacific - Vancouver
Seymour Lake,British Columbia,Engage Sport North
Seymour Landing,British Columbia,CSI Pacific - Vancouver
Sha:wiis,British Columbia,PacificSport - Vancouver Island
Shady Valley,British Columbia,Engage Sport North
Shalalth,British Columbia,CSI Pacific - Whistler
Shames,British Columbia,Engage Sport North
Shannon,British Columbia,CSI Pacific - Whistler
Shannon Bay,British Columbia,Engage Sport North
Shaughnessy,British Columbia,CSI Pacific - Vancouver
Shawl Bay,British Columbia,PacificSport - Vancouver Island
Shawnigan,British Columbia,PacificSport - Vancouver Island
Shawnigan Lake,British Columbia,PacificSport - Vancouver Island
Shearer Dale,British Columbia,Engage Sport North
Shearwater,British Columbia,PacificSport - Vancouver Island
Shelley,British Columbia,Engage Sport North
Shelter Bay,British Columbia,PacificSport - Columbia Basin
Shelter Point,British Columbia,PacificSport - Vancouver Island
Sheraton,British Columbia,Engage Sport North
Shere,British Columbia,Engage Sport North
Sheridan Lake,British Columbia,PacificSport - Interior
Sheslay,British Columbia,Engage Sport North
Shingle Creek,British Columbia,PacificSport - Okanagan
Shirley,British Columbia,CSI Pacific - Victoria
Shitlthmaq-is,British Columbia,PacificSport - Vancouver Island
Shops,British Columbia,CSI Pacific - Vancouver
Shoreacres,British Columbia,PacificSport - Columbia Basin
Shoreholme,British Columbia,PacificSport - Columbia Basin
Shulus,British Columbia,PacificSport - Interior
Shushartie,British Columbia,PacificSport - Vancouver Island
Shuswap,British Columbia,PacificSport - Interior
Shuswap Falls,British Columbia,PacificSport - Okanagan
Shutty Bench,British Columbia,PacificSport - Columbia Basin
Sicamous,British Columbia,PacificSport - Interior
Sidney,British Columbia,CSI Pacific - Victoria
Sikanni,British Columbia,Engage Sport North
Sikanni Chief,British Columbia,Engage Sport North
Silica,British Columbia,PacificSport - Columbia Basin
Silver Creek,British Columbia,PacificSport - Fraser Valley
Silver Lake,British Columbia,Engage Sport North
Silver River,British Columbia,PacificSport - Fraser Valley
Silver Star,British Columbia,PacificSport - Okanagan
Silver Valley,British Columbia,PacificSport - Fraser Valley
Silverdale,British Columbia,PacificSport - Fraser Valley
Silverhill,British Columbia,PacificSport - Fraser Valley
Silverton,British Columbia,PacificSport - Columbia Basin
Simoom Sound,British Columbia,PacificSport - Vancouver Island
Simpson Ranch,British Columbia,Engage Sport North
Sinclair Mills,British Columbia,Engage Sport North
Sinkut River,British Columbia,Engage Sport North
Sirdar,British Columbia,PacificSport - Columbia Basin
Six Mile Point,British Columbia,PacificSport - Interior
Six Mile Ranch,British Columbia,PacificSport - Interior
Skedans,British Columbia,Engage Sport North
Skeena,British Columbia,Engage Sport North
Skeena Crossing,British Columbia,Engage Sport North
Skidegate,British Columbia,Engage Sport North
Skidegate Landing,British Columbia,Engage Sport North
Skooks Landing,British Columbia,Engage Sport North
Skookumchuck,British Columbia,PacificSport - Columbia Basin
Skoonka,British Columbia,PacificSport - Interior
Slesse Park,British Columbia,PacificSport - Fraser Valley
Slocan,British Columbia,PacificSport - Columbia Basin
Slocan City,British Columbia,PacificSport - Columbia Basin
Slocan Park,British Columbia,PacificSport - Columbia Basin
Smith River,British Columbia,Engage Sport North
Smithers,British Columbia,Engage Sport North
Smithers Landing,British Columbia,Engage Sport North
Snake River,British Columbia,Engage Sport North
Snug Cove,British Columbia,CSI Pacific - Vancouver
Snyder,British Columbia,Engage Sport North
Sockeye,British Columbia,Engage Sport North
Soda Creek,British Columbia,Engage Sport North
Sointula,British Columbia,PacificSport - Vancouver Island
Solsqua,British Columbia,PacificSport - Interior
Somenos,British Columbia,CSI Pacific - Victoria
Sooke,British Columbia,CSI Pacific - Victoria
Sorrento,British Columbia,PacificSport - Interior
South Bentinck,British Columbia,Engage Sport North
South Cambie,British Columbia,CSI Pacific - Vancouver
South Canoe,British Columbia,PacificSport - Interior
South Dawson,British Columbia,Engage Sport North
South Fort George,British Columbia,Engage Sport North
South Hazelton,British Columbia,Engage Sport North
South Lakeside,British Columbia,PacificSport - Interior
South Poplar,British Columbia,PacificSport - Fraser Valley
South Shalalth,British Columbia,CSI Pacific - Whistler
South Slocan,British Columbia,PacificSport - Columbia Basin
South Slope,British Columbia,CSI Pacific - Vancouver
South Sumas,British Columbia,PacificSport - Fraser Valley
South Surrey,British Columbia,PacificSport - Fraser Valley
South Taylor,British Columbia,Engage Sport North
South Wellington,British Columbia,CSI Pacific - Vancouver
Southarm,British Columbia,CSI Pacific - Vancouver
Southbank,British Columbia,Engage Sport North
Spallumcheen,British Columbia,PacificSport - Okanagan
Sparwood,British Columbia,PacificSport - Columbia Basin
Spatsum,British Columbia,PacificSport - Interior
Spences Bridge,British Columbia,PacificSport - Interior
Sperling,British Columbia,PacificSport - Fraser Valley
Spicer,British Columbia,Engage Sport North
Spillimacheen,British Columbia,PacificSport - Columbia Basin
Springfield Ranch,British Columbia,Engage Sport North
Springhouse,British Columbia,PacificSport - Interior
Sproat Lake,British Columbia,PacificSport - Vancouver Island
Sproatt,British Columbia,CSI Pacific - Whistler
Spuzzum,British Columbia,CSI Pacific - Whistler
Squamish,British Columbia,CSI Pacific - Whistler
Squeah,British Columbia,PacificSport - Fraser Valley
Squilax,British Columbia,PacificSport - Interior
Squirrel Cove,British Columbia,PacificSport - Vancouver Island
St. Eugene Mission,British Columbia,PacificSport - Columbia Basin
St. Ives,British Columbia,PacificSport - Interior
St. Joseph Mission,British Columbia,PacificSport - Interior
Stanley,British Columbia,Engage Sport North
Starks,British Columbia,CSI Pacific - Vancouver
Stave Falls,British Columbia,PacificSport - Fraser Valley
Steamboat,British Columbia,Engage Sport North
Steelhead,British Columbia,PacificSport - Fraser Valley
Stellako,British Columbia,Engage Sport North
Stephen,British Columbia,PacificSport - Columbia Basin
Steveston,British Columbia,CSI Pacific - Vancouver
Stewardson Inlet,British Columbia,PacificSport - Vancouver Island
Stewart,British Columbia,Engage Sport North
Stikine,British Columbia,Engage Sport North
Still Creek,British Columbia,CSI Pacific - Vancouver
Stillwater,British Columbia,PacificSport - Interior
Stockett,British Columbia,CSI Pacific - Vancouver
Stoner,British Columbia,Engage Sport North
Stoney Creek,British Columbia,PacificSport - Columbia Basin
Stories Beach,British Columbia,PacificSport - Vancouver Island
Stout,British Columbia,PacificSport - Fraser Valley
Strachan Creek,British Columbia,CSI Pacific - Vancouver
Straiton,British Columbia,PacificSport - Fraser Valley
Strathcona,British Columbia,CSI Pacific - Vancouver
Strathcona Lodge,British Columbia,CSI Pacific - Victoria
Strathnaver,British Columbia,Engage Sport North
Strawberry Hill,British Columbia,PacificSport - Fraser Valley
Strawberry Vale,British Columbia,CSI Pacific - Victoria
Streatham,British Columbia,Engage Sport North
Stuart Island,British Columbia,PacificSport - Vancouver Island
Stuie,British Columbia,Engage Sport North
Stump Lake,British Columbia,PacificSport - Interior
Sturdies Bay,British Columbia,CSI Pacific - Victoria
Sugarcane,British Columbia,PacificSport - Interior
Sullivan,British Columbia,PacificSport - Fraser Valley
Sullivan Bay,British Columbia,PacificSport - Vancouver Island
Sullivan Heights,British Columbia,CSI Pacific - Vancouver
Summerland,British Columbia,PacificSport - Okanagan
Summit Lake,British Columbia,PacificSport - Columbia Basin
Sun Peaks,British Columbia,PacificSport - Interior
Sun Valley,British Columbia,PacificSport - Fraser Valley
Sunbury,British Columbia,CSI Pacific - Vancouver
Suncrest,British Columbia,CSI Pacific - Vancouver
Sundance,British Columbia,Engage Sport North
Sunningdale,British Columbia,PacificSport - Columbia Basin
Sunnybrae,British Columbia,PacificSport - Interior
Sunnyside,British Columbia,Engage Sport North
Sunrise Valley,British Columbia,Engage Sport North
Sunset,British Columbia,CSI Pacific - Vancouver
Sunset Beach,British Columbia,CSI Pacific - Vancouver
Sunset Prairie,British Columbia,Engage Sport North
Sunshine,British Columbia,CSI Pacific - Vancouver
Sunshine Bay,British Columbia,PacificSport - Columbia Basin
Sunshine Hills,British Columbia,PacificSport - Fraser Valley
Sunshine Valley,British Columbia,PacificSport - Fraser Valley
Suquash,British Columbia,PacificSport - Vancouver Island
Surge Narrows,British Columbia,PacificSport - Vancouver Island
Surprise,British Columbia,Engage Sport North
Surrey,British Columbia,PacificSport - Fraser Valley
Surrey Centre,British Columbia,PacificSport - Fraser Valley
Swansea,British Columbia,PacificSport - Columbia Basin
Swartz Bay,British Columbia,CSI Pacific - Victoria
Sweetsbridge,British Columbia,PacificSport - Okanagan
Sweetwater,British Columbia,Engage Sport North
Swift,British Columbia,CSI Pacific - Whistler
Swiftwater,British Columbia,Engage Sport North
Ta Ta Creek,British Columbia,PacificSport - Columbia Basin
Ta:shiis,British Columbia,PacificSport - Vancouver Island
Tabor,British Columbia,Engage Sport North
Tacheeda,British Columbia,Engage Sport North
Tachie,British Columbia,Engage Sport North
Tadanac,British Columbia,PacificSport - Columbia Basin
Taft,British Columbia,PacificSport - Interior
Taghum,British Columbia,PacificSport - Columbia Basin
Tahltan,British Columbia,Engage Sport North
Tahsis,British Columbia,PacificSport - Vancouver Island
Takla Landing,British Columbia,Engage Sport North
Taku,British Columbia,Engage Sport North
Takysie Lake,British Columbia,Engage Sport North
Tallheo,British Columbia,Engage Sport North
Tamarack,British Columbia,Engage Sport North
Tamarisk,British Columbia,CSI Pacific - Whistler
Tanu,British Columbia,Engage Sport North
Tappen,British Columbia,PacificSport - Interior
Tarrys,British Columbia,PacificSport - Columbia Basin
Tasu,British Columbia,Engage Sport North
Tatalrose,British Columbia,Engage Sport North
Tatla Lake,British Columbia,CSI Pacific - Whistler
Tatlayoko Lake,British Columbia,CSI Pacific - Whistler
Tatlow,British Columbia,Engage Sport North
Tatogga,British Columbia,Engage Sport North
Tatton,British Columbia,PacificSport - Interior
Taverna,British Columbia,Engage Sport North
Taylor,British Columbia,Engage Sport North
Tchesinkut Lake,British Columbia,Engage Sport North
Teakerne Arm,British Columbia,PacificSport - Vancouver Island
Teeshohsum,British Columbia,PacificSport - Vancouver Island
Teko,British Columbia,Engage Sport North
Telachick,British Columbia,Engage Sport North
Telegraph Cove,British Columbia,PacificSport - Vancouver Island
Telegraph Creek,British Columbia,Engage Sport North
Telkwa,British Columbia,Engage Sport North
Ten Mile Lake,British Columbia,Engage Sport North
Terrace,British Columbia,Engage Sport North
Tetachuk,British Columbia,Engage Sport North
Theodosia Arm,British Columbia,PacificSport - Vancouver Island
Thetis Island,British Columbia,PacificSport - Vancouver Island
Thompson,British Columbia,PacificSport - Interior
Thompson Sound,British Columbia,PacificSport - Vancouver Island
Thornhill,British Columbia,Engage Sport North
Thornton Yard,British Columbia,PacificSport - Fraser Valley
Three Forks,British Columbia,PacificSport - Columbia Basin
Three Valley,British Columbia,PacificSport - Interior
Thrums,British Columbia,PacificSport - Columbia Basin
Thunder River,British Columbia,PacificSport - Interior
Thunderbird,British Columbia,Engage Sport North
Thurlow,British Columbia,PacificSport - Vancouver Island
Thurston Harbour,British Columbia,Engage Sport North
Thwaytes,British Columbia,CSI Pacific - Vancouver
Tibbets,British Columbia,Engage Sport North
Tiili Landing,British Columbia,PacificSport - Interior
Tilbury,British Columbia,CSI Pacific - Vancouver
Tillicum,British Columbia,CSI Pacific - Victoria
Tintagel,British Columbia,Engage Sport North
Tipella,British Columbia,CSI Pacific - Whistler
Tisdall,British Columbia,CSI Pacific - Whistler
Tl'aaniiwa'a,British Columbia,PacificSport - Vancouver Island
Tl'esqox,British Columbia,CSI Pacific - Whistler
Tl'etinqox,British Columbia,CSI Pacific - Whistler
Tl'isnachis,British Columbia,PacificSport - Vancouver Island
Tl'itsnit,British Columbia,PacificSport - Vancouver Island
Tlakmaqis,British Columbia,PacificSport - Vancouver Island
Tlell,British Columbia,Engage Sport North
Tloohat-a,British Columbia,PacificSport - Vancouver Island
Toad River,British Columbia,Engage Sport North
Tobiano,British Columbia,PacificSport - Interior
Toby Creek,British Columbia,PacificSport - Columbia Basin
Tochty,British Columbia,PacificSport - Columbia Basin
Tofino,British Columbia,PacificSport - Vancouver Island
Tohkwonon,British Columbia,PacificSport - Vancouver Island
Toketic,British Columbia,PacificSport - Interior
Tomslake,British Columbia,Engage Sport North
Topley,British Columbia,Engage Sport North
Topley Landing,British Columbia,Engage Sport North
Torrent,British Columbia,PacificSport - Columbia Basin
Towdystan,British Columbia,Engage Sport North
Tower Lake,British Columbia,Engage Sport North
Townsend,British Columbia,PacificSport - Fraser Valley
Traders Cove,British Columbia,PacificSport - Okanagan
Trafalgar,British Columbia,PacificSport - Fraser Valley
Trail,British Columbia,PacificSport - Columbia Basin
Tranquille,British Columbia,PacificSport - Interior
Tremblay,British Columbia,Engage Sport North
Trembleur,British Columbia,Engage Sport North
Trinity Valley,British Columbia,PacificSport - Okanagan
Troup,British Columbia,PacificSport - Columbia Basin
Trout Creek,British Columbia,PacificSport - Okanagan
Trout Lake,British Columbia,PacificSport - Columbia Basin
Trutch,British Columbia,Engage Sport North
Ts'axq'oo-is,British Columbia,PacificSport - Vancouver Island
Ts'iispoo-a,British Columbia,PacificSport - Vancouver Island
Tsawwassen,British Columbia,CSI Pacific - Vancouver
Tsawwassen Beach,British Columbia,CSI Pacific - Vancouver
Tsay Keh Dene,British Columbia,Engage Sport North
Tucks,British Columbia,CSI Pacific - Vancouver
Tulameen,British Columbia,PacificSport - Okanagan
Tulsequah,British Columbia,Engage Sport North
Tumbler Ridge,British Columbia,Engage Sport North
Tupper,British Columbia,Engage Sport North
Turtle Valley,British Columbia,PacificSport - Interior
Tuwanek,British Columbia,CSI Pacific - Vancouver
Tuxwnech,British Columbia,PacificSport - Vancouver Island
Twidwell Bend,British Columbia,Engage Sport North
Twin Butte,British Columbia,PacificSport - Okanagan
Twin Creeks,British Columbia,CSI Pacific - Vancouver
Twin Islands,British Columbia,CSI Pacific - Vancouver
Two Mile,British Columbia,Engage Sport North
Two Rivers,British Columbia,Engage Sport North
Tye,British Columbia,PacificSport - Columbia Basin
Tyee,British Columbia,Engage Sport North
Tynehead,British Columbia,PacificSport - Fraser Valley
Tzouhalem,British Columbia,CSI Pacific - Victoria
Ucluelet,British Columbia,PacificSport - Vancouver Island
Ulkatcho,British Columbia,Engage Sport North
Union Bay,British Columbia,PacificSport - Vancouver Island
University Hill,British Columbia,CSI Pacific - Vancouver
Upper China Creek,British Columbia,PacificSport - Columbia Basin
Upper Cutbank,British Columbia,Engage Sport North
Upper Fraser,British Columbia,Engage Sport North
Upper Halfway,British Columbia,Engage Sport North
Upper Lynn,British Columbia,CSI Pacific - Vancouver
Upsowis,British Columbia,PacificSport - Vancouver Island
Urling,British Columbia,Engage Sport North
Urquhart,British Columbia,Engage Sport North
Usk,British Columbia,Engage Sport North
Uuts,British Columbia,PacificSport - Vancouver Island
Valemount,British Columbia,PacificSport - Interior
Valley View,British Columbia,Engage Sport North
Valleycliffe,British Columbia,CSI Pacific - Whistler
Valleyview,British Columbia,PacificSport - Interior
Vallican,British Columbia,PacificSport - Columbia Basin
Van Anda,British Columbia,PacificSport - Vancouver Island
Vancouver,British Columbia,CSI Pacific - Vancouver
Vanderhoof,British Columbia,Engage Sport North
Vanway,British Columbia,Engage Sport North
Vaucroft Beach,British Columbia,PacificSport - Vancouver Island
Vavenby,British Columbia,PacificSport - Interior
Vedder Crossing,British Columbia,PacificSport - Fraser Valley
Vermilion Crossing,British Columbia,PacificSport - Columbia Basin
Vernon,British Columbia,PacificSport - Okanagan
Vesuvius,British Columbia,CSI Pacific - Victoria
Victoria,British Columbia,CSI Pacific - Victoria
Victoria-Fraserview,British Columbia,CSI Pacific - Vancouver
Vidette,British Columbia,PacificSport - Interior
View Royal,British Columbia,CSI Pacific - Victoria
Village Bay,British Columbia,CSI Pacific - Vancouver
Village of Daajing Giids,British Columbia,Engage Sport North
Vinsulla,British Columbia,PacificSport - Interior
Von Zuben,British Columbia,PacificSport - Interior
Vye,British Columbia,PacificSport - Fraser Valley
W'aayi,British Columbia,PacificSport - Vancouver Island
Wabi,British Columbia,Engage Sport North
Wabron,British Columbia,PacificSport - Interior
Wadhams,British Columbia,PacificSport - Vancouver Island
Waglisla,British Columbia,PacificSport - Vancouver Island
Wagner Ranch,British Columbia,Engage Sport North
Wakely,British Columbia,PacificSport - Columbia Basin
Walhachin,British Columbia,PacificSport - Interior
Walker,British Columbia,Engage Sport North
Walkers,British Columbia,PacificSport - Columbia Basin
Walnut Grove,British Columbia,PacificSport - Fraser Valley
Waneta,British Columbia,PacificSport - Columbia Basin
Waneta Junction,British Columbia,PacificSport - Columbia Basin
Wanklyn,British Columbia,PacificSport - Columbia Basin
Wardner,British Columbia,PacificSport - Columbia Basin
Ware,British Columbia,Engage Sport North
Warfield,British Columbia,PacificSport - Columbia Basin
Warner Bay,British Columbia,PacificSport - Vancouver Island
Wasa,British Columbia,PacificSport - Columbia Basin
Watson,British Columbia,Engage Sport North
Watson Island,British Columbia,Engage Sport North
Websters Corners,British Columbia,PacificSport - Fraser Valley
Wedeene,British Columbia,Engage Sport North
Wedge,British Columbia,CSI Pacific - Whistler
Wedgwood,British Columbia,Engage Sport North
Weewanie,British Columbia,Engage Sport North
Welcome Beach,British Columbia,CSI Pacific - Vancouver
Wellington,British Columbia,PacificSport - Vancouver Island
Wells,British Columbia,Engage Sport North
Weneez,British Columbia,Engage Sport North
West Bay,British Columbia,CSI Pacific - Vancouver
West Bench,British Columbia,PacificSport - Okanagan
West End,British Columbia,CSI Pacific - Vancouver
West Heights,British Columbia,PacificSport - Fraser Valley
West Landing,British Columbia,Engage Sport North
West Lynn,British Columbia,CSI Pacific - Vancouver
West Midway,British Columbia,PacificSport - Okanagan
West Point Grey,British Columbia,CSI Pacific - Vancouver
West Trail,British Columbia,PacificSport - Columbia Basin
West Vancouver,British Columbia,CSI Pacific - Vancouver
Westbank,British Columbia,PacificSport - Okanagan
Westbridge,British Columbia,PacificSport - Okanagan
Westholme,British Columbia,CSI Pacific - Victoria
Westley,British Columbia,PacificSport - Columbia Basin
Westmount,British Columbia,CSI Pacific - Vancouver
Westply,British Columbia,Engage Sport North
Westridge,British Columbia,CSI Pacific - Vancouver
Westside,British Columbia,PacificSport - Okanagan
Westsyde,British Columbia,PacificSport - Interior
Westview,British Columbia,PacificSport - Vancouver Island
Westwold,British Columbia,PacificSport - Interior
Wet'suwet'en Village,British Columbia,Engage Sport North
Whaletown,British Columbia,PacificSport - Vancouver Island
Whalley,British Columbia,PacificSport - Fraser Valley
Whisky Creek,British Columbia,PacificSport - Vancouver Island
Whistler,British Columbia,CSI Pacific - Whistler
Whistler Creek,British Columbia,CSI Pacific - Whistler
White Lake,British Columbia,PacificSport - Interior
White Pass,British Columbia,Engage Sport North
White Rock,British Columbia,PacificSport - Fraser Valley
Whonnock,British Columbia,PacificSport - Fraser Valley
Whyac,British Columbia,PacificSport - Vancouver Island
Whytecliff,British Columbia,CSI Pacific - Vancouver
Wigwam Inn,British Columbia,CSI Pacific - Vancouver
Wihat'a,British Columbia,PacificSport - Vancouver Island
Wii Lax K'ap,British Columbia,Engage Sport North
Wildwood,British Columbia,PacificSport - Vancouver Island
Wiley,British Columbia,Engage Sport North
Williams Beach,British Columbia,PacificSport - Vancouver Island
Williams Lake,British Columbia,Engage Sport North
Williams Landing,British Columbia,PacificSport - Fraser Valley
Williamsons Landing,British Columbia,CSI Pacific - Vancouver
Willingdon Heights,British Columbia,CSI Pacific - Vancouver
Willow Point,British Columbia,PacificSport - Columbia Basin
Willow River,British Columbia,Engage Sport North
Willow Valley,British Columbia,Engage Sport North
Willowbrook,British Columbia,PacificSport - Okanagan
Willowvale,British Columbia,Engage Sport North
Wilmer,British Columbia,PacificSport - Columbia Basin
Wilson Landing,British Columbia,PacificSport - Okanagan
Windermere,British Columbia,PacificSport - Columbia Basin
Windsor Park,British Columbia,CSI Pacific - Vancouver
Windy,British Columbia,Engage Sport North
Winfield,British Columbia,PacificSport - Okanagan
Wingdam,British Columbia,Engage Sport North
Winlaw,British Columbia,PacificSport - Columbia Basin
Winter Harbour,British Columbia,PacificSport - Vancouver Island
Wistaria,British Columbia,Engage Sport North
Wolfenden,British Columbia,PacificSport - Interior
Wolverine,British Columbia,Engage Sport North
Wonowon,British Columbia,Engage Sport North
Woodcock,British Columbia,Engage Sport North
Woodfibre,British Columbia,CSI Pacific - Whistler
Woodhaven,British Columbia,CSI Pacific - Vancouver
Woodlands,British Columbia,CSI Pacific - Vancouver
Woodmere,British Columbia,Engage Sport North
Woodpecker,British Columbia,Engage Sport North
Woods Landing,British Columbia,PacificSport - Interior
Woodsdale,British Columbia,PacificSport - Okanagan
Woodwards Landing,British Columbia,CSI Pacific - Vancouver
Worth,British Columbia,Engage Sport North
Woss,British Columbia,PacificSport - Vancouver Island
Wright,British Columbia,PacificSport - Interior
Wycliffe,British Columbia,PacificSport - Columbia Basin
Wyman,British Columbia,CSI Pacific - Vancouver
Wynndel,British Columbia,PacificSport - Columbia Basin
Xeni,British Columbia,CSI Pacific - Whistler
Ya:kats,British Columbia,PacificSport - Vancouver Island
Yaashitquo-a,British Columbia,PacificSport - Vancouver Island
Yaculta,British Columbia,PacificSport - Vancouver Island
Yahk,British Columbia,PacificSport - Columbia Basin
Yaku,British Columbia,Engage Sport North
Yale,British Columbia,PacificSport - Fraser Valley
Yankee Flats,British Columbia,PacificSport - Interior
Yarksis,British Columbia,PacificSport - Vancouver Island
Yarrow,British Columbia,PacificSport - Fraser Valley
Yekooche,British Columbia,Engage Sport North
Yellowhead,British Columbia,PacificSport - Interior
Yennadon,British Columbia,PacificSport - Fraser Valley
Ymir,British Columbia,PacificSport - Columbia Basin
Yoho,British Columbia,PacificSport - Columbia Basin
Youbou,British Columbia,PacificSport - Vancouver Island
Yreka,British Columbia,PacificSport - Vancouver Island
Yuquot,British Columbia,PacificSport - Vancouver Island
Yuuhluth,British Columbia,PacificSport - Vancouver Island
Zamora,British Columbia,PacificSport - Okanagan
Zeballos,British Columbia,PacificSport - Vancouver Island
Zeke,British Columbia,Engage Sport North
Zincton,British Columbia,PacificSport - Columbia Basin